"last_name, first_name","player_id","year","ab","pa","hit","single","double","triple","home_run","strikeout","walk","b_hit_by_pitch","b_intent_walk","b_sac_bunt","b_sac_fly"
"Bradley Jr., Jackie","598265","2023","105","113","14","8","5","0","1","29","5","2","0","1","0"
"Solano, Donovan","456781","2023","394","450","111","79","26","1","5","100","40","15","1","0","1"
"Taylor, Michael A.","572191","2023","355","388","78","42","14","1","21","130","26","3","0","3","1"
"Newman, Kevin","621028","2023","225","253","57","38","16","0","3","34","17","4","0","2","5"
"Tauchman, Mike","643565","2023","337","401","85","59","18","0","8","86","56","4","1","1","3"
"Remillard, Zach","621545","2023","147","160","37","29","7","0","1","48","8","1","1","4","0"
"Thaiss, Matt","642136","2023","262","307","56","41","6","0","9","83","36","6","1","0","3"
"Marlowe, Cade","687799","2023","88","100","21","13","3","2","3","33","12","0","0","0","0"
"Diaz, Yainer","673237","2023","355","377","100","55","22","0","23","74","11","5","0","0","6"
"Lopez, Nicky","670032","2023","225","262","52","40","8","3","1","40","26","6","0","4","1"
"Grisham, Trent","663757","2023","469","555","93","48","31","1","13","154","75","5","0","4","1"
"Candelario, Jeimer","600869","2023","505","576","127","63","39","3","22","127","53","13","1","0","4"
"Hoerner, Nico","663538","2023","619","688","175","135","27","4","9","83","49","14","0","1","5"
"Espinal, Santiago","669289","2023","230","254","57","41","14","0","2","36","18","3","1","2","1"
"McNeil, Jeff","643446","2023","585","648","158","119","25","4","10","65","39","18","0","3","3"
"Raleigh, Cal","663728","2023","513","569","119","65","23","1","30","158","54","1","1","0","1"
"Wong, Connor","657136","2023","371","403","87","51","25","2","9","134","22","6","0","3","1"
"Carroll, Corbin","682998","2023","565","645","161","96","30","10","25","125","57","13","1","6","4"
"Monasterio, Andruw","655316","2023","282","315","73","55","14","1","3","66","28","3","0","0","2"
"Santander, Anthony","623993","2023","591","656","152","82","41","1","28","152","55","6","1","0","4"
"Smith, Will","669257","2023","464","554","121","79","21","2","19","89","63","15","2","0","12"
"Schneider, Davis","676914","2023","116","141","32","11","12","1","8","43","21","4","0","0","0"
"Swanson, Dansby","621020","2023","565","638","138","88","25","3","22","154","66","5","0","0","2"
"Stanton, Giancarlo","519317","2023","371","415","71","34","13","0","24","124","41","2","3","0","1"
"Murphy, Tom","608596","2023","145","159","42","22","12","0","8","44","10","1","0","0","2"
"Grichuk, Randal","545341","2023","434","471","116","67","31","2","16","96","29","6","2","0","2"
"Naylor, Josh","647304","2023","452","495","139","91","31","0","17","68","33","3","9","0","7"
"McCormick, Chas","676801","2023","403","457","110","69","17","2","22","117","40","11","0","1","2"
"Arozarena, Randy","668227","2023","551","654","140","95","19","3","23","156","80","18","1","0","5"
"Haniger, Mitch","571745","2023","211","229","44","24","13","1","6","65","15","2","0","0","1"
"Aranda, Jonathan","666018","2023","87","103","20","13","4","1","2","31","13","2","1","0","1"
"Sullivan, Brett","664954","2023","81","86","17","13","3","0","1","19","4","0","0","0","1"
"Peterson, Jace","607054","2023","374","430","79","59","10","4","6","101","47","4","2","2","3"
"Grandal, Yasmani","518735","2023","363","405","85","63","14","0","8","86","36","4","1","0","2"
"Arraez, Luis","650333","2023","574","617","203","160","30","3","10","34","35","4","10","1","3"
"Olson, Matt","621566","2023","608","720","172","88","27","3","54","167","104","4","8","0","4"
"Miranda, Jose","669304","2023","142","152","30","23","4","0","3","24","9","1","0","0","0"
"Bauers, Jake","641343","2023","242","272","49","22","15","0","12","95","27","0","0","0","3"
"Moreno, Gabriel","672515","2023","341","380","97","70","19","1","7","75","29","3","0","0","7"
"Marte, Ketel","606466","2023","569","650","157","97","26","9","25","109","71","5","2","0","5"
"Altuve, Jose","514888","2023","360","410","112","72","21","2","17","71","44","5","0","0","1"
"Torres, Gleyber","650402","2023","596","672","163","108","28","2","25","98","67","3","0","0","6"
"Davis, Jonathan","641505","2023","90","104","22","15","4","1","2","29","7","2","0","2","2"
"Palacios, Joshua","641943","2023","247","264","59","38","9","2","10","56","12","2","0","2","1"
"Drury, Brandon","592273","2023","485","523","127","68","30","3","26","136","25","8","0","0","5"
"Mejía, Francisco","642336","2023","150","160","34","18","11","0","5","38","6","1","0","1","2"
"Margot, Manuel","622534","2023","311","336","82","56","21","1","4","55","18","4","0","0","3"
"Azocar, José","640492","2023","91","102","21","13","6","0","2","24","4","2","0","5","0"
"Turner, Justin","457759","2023","558","626","154","100","31","0","23","110","51","11","0","0","6"
"Betts, Mookie","605141","2023","584","693","179","99","40","1","39","107","96","8","3","0","5"
"Herrera, Jose","645444","2023","101","120","21","16","5","0","0","30","13","0","0","5","1"
"Neto, Zach","687263","2023","289","329","65","39","17","0","9","77","20","16","0","1","3"
"Hays, Austin","669720","2023","520","566","143","89","36","2","16","141","38","3","1","0","5"
"Short, Zack","670097","2023","221","253","45","29","9","0","7","66","28","0","0","3","1"
"Baker, Luken","663609","2023","86","99","18","13","3","0","2","31","13","0","0","0","0"
"Benintendi, Andrew","643217","2023","562","621","147","106","34","2","5","89","52","3","5","1","3"
"Torkelson, Spencer","679529","2023","606","684","141","75","34","1","31","171","67","6","1","0","5"
"Martinez, J.D.","502110","2023","432","479","117","55","27","2","33","149","34","2","1","0","9"
"Rosario, Amed","642708","2023","510","545","134","95","25","8","6","99","29","3","0","0","3"
"Casas, Triston","671213","2023","429","502","113","66","21","2","24","126","70","1","2","0","2"
"Langeliers, Shea","669127","2023","448","490","92","47","19","4","22","143","34","5","2","1","2"
"Wade Jr., LaMonte","664774","2023","429","519","110","77","14","2","17","95","76","6","3","4","4"
"Varsho, Daulton","662139","2023","527","581","116","70","23","3","20","135","45","4","0","1","3"
"Edwards, Xavier","669364","2023","78","84","23","20","3","0","0","14","3","1","0","2","0"
"Bailey, Patrick","672275","2023","326","353","76","50","18","1","7","100","21","3","0","2","1"
"Call, Alex","669743","2023","375","439","75","52","14","1","8","78","53","6","0","3","2"
"Maldonado, Martín","455117","2023","362","407","69","42","12","0","15","139","30","3","0","12","0"
"Bohm, Alec","664761","2023","558","611","153","102","31","0","20","94","42","5","1","0","6"
"Kepler, Max","596146","2023","438","491","114","66","22","2","24","106","45","4","0","0","4"
"Higashioka, Kyle","543309","2023","242","260","57","34","13","0","10","74","14","0","0","1","3"
"Joe, Connor","656582","2023","413","472","102","56","31","4","11","110","50","8","0","0","1"
"Mauricio, Ronny","677595","2023","101","108","25","19","4","0","2","31","7","0","0","0","0"
"Bichette, Bo","666182","2023","571","601","175","122","30","3","20","115","27","2","0","0","1"
"Abrams, CJ","682928","2023","563","614","138","86","28","6","18","118","32","13","2","3","3"
"Maton, Nick","665155","2023","249","293","43","26","9","0","8","73","38","3","1","1","2"
"Winker, Jesse","608385","2023","166","197","33","27","5","0","1","51","26","4","0","0","1"
"Jiménez, Eloy","650391","2023","456","489","124","83","23","0","18","93","30","1","2","0","2"
"Donovan, Brendan","680977","2023","327","371","93","71","10","1","11","53","33","9","2","1","1"
"Stott, Bryson","681082","2023","585","640","164","115","32","2","15","100","39","7","1","1","8"
"Julien, Edouard","666397","2023","338","408","89","56","16","1","16","128","64","2","0","1","3"
"Hampson, Garrett","641658","2023","221","252","61","45","12","1","3","67","23","3","0","3","2"
"Brennan, Will","686823","2023","432","455","115","86","24","0","5","57","16","5","2","0","2"
"O'Neill, Tyler","641933","2023","238","266","55","32","14","0","9","67","28","0","0","0","0"
"Rodríguez, Julio","677594","2023","654","714","180","109","37","2","32","175","47","11","6","0","2"
"Rojas, Josh","668942","2023","314","350","77","56","17","0","4","81","27","1","0","2","4"
"Carpenter, Kerry","681481","2023","418","459","116","77","17","2","20","115","32","8","3","0","1"
"McMahon, Ryan","641857","2023","555","627","133","76","31","3","23","198","68","1","2","0","3"
"Reyes, Pablo","622569","2023","167","185","48","37","9","0","2","21","14","0","0","2","2"
"Pinto, René","650907","2023","103","105","26","17","3","0","6","34","2","0","0","0","0"
"Clemens, Kody","665019","2023","139","148","32","21","7","0","4","40","8","1","0","0","0"
"Mead, Curtis","678554","2023","83","92","21","16","3","1","1","21","7","2","0","0","0"
"Nootbaar, Lars","663457","2023","426","503","111","73","23","1","14","99","72","1","2","1","3"
"Yoshida, Masataka","807799","2023","537","580","155","104","33","3","15","81","34","7","0","0","2"
"Rooker Jr., Brent","667670","2023","463","526","114","63","20","1","30","172","49","10","1","0","4"
"Semien, Marcus","543760","2023","670","753","185","112","40","4","29","110","72","5","1","0","5"
"Escobar, Eduardo","500871","2023","288","309","65","48","6","5","6","78","18","0","0","1","2"
"Walker, Christian","572233","2023","582","661","150","79","36","2","33","127","62","8","3","0","8"
"Guillorme, Luis","641645","2023","107","120","24","16","6","1","1","28","10","0","1","2","1"
"Smith, Dominic","642086","2023","527","586","134","100","21","1","12","91","47","10","1","0","2"
"Baty, Brett","683146","2023","353","389","75","54","12","0","9","109","29","2","0","1","1"
"Heim, Jonah","641680","2023","457","501","118","72","28","0","18","96","40","1","2","0","3"
"Moncada, Yoán","660162","2023","334","357","87","55","20","1","11","107","20","2","0","0","1"
"Fraley, Jake","641584","2023","336","380","86","53","18","0","15","71","37","6","2","0","1"
"Vientos, Mark","668901","2023","218","233","46","31","5","1","9","71","10","3","0","0","2"
"Vargas, Miguel","678246","2023","256","304","50","24","15","4","7","61","38","4","1","1","4"
"Westburg, Jordan","676059","2023","208","228","54","32","17","2","3","56","16","1","0","0","3"
"Rojas, Miguel","500743","2023","385","423","91","69","16","1","5","48","26","5","0","2","5"
"De La Cruz, Elly","682829","2023","388","427","91","56","15","7","13","144","35","2","3","1","1"
"Lowe, Nathaniel","663993","2023","623","724","163","105","38","3","17","165","93","5","2","0","3"
"Bruján, Vidal","660644","2023","76","84","13","11","2","0","0","21","5","2","0","1","0"
"Greene, Riley","682985","2023","378","416","109","75","19","4","11","114","35","1","0","0","2"
"Rivas III, Alfonso","663845","2023","109","123","25","11","10","1","3","36","9","3","0","1","1"
"Cabrera, Oswaldo","665828","2023","298","330","63","47","11","0","5","72","25","2","1","3","2"
"Rafaela, Ceddanne","678882","2023","83","89","20","12","6","0","2","28","4","1","0","0","1"
"Castro, Rodolfo","666801","2023","227","256","48","35","7","0","6","74","23","5","1","0","1"
"Berti, Jon","542932","2023","388","424","114","88","16","3","7","77","29","2","2","2","3"
"Buxton, Byron","621439","2023","304","347","63","28","17","1","17","109","35","4","2","0","4"
"Daza, Yonathan","602074","2023","74","80","20","14","6","0","0","13","3","1","0","1","1"
"Tapia, Raimel","606132","2023","148","169","35","27","4","1","3","40","17","1","0","1","1"
"LeMahieu, DJ","518934","2023","497","562","121","81","22","3","15","125","60","3","2","0","2"
"Cronenworth, Jake","630105","2023","458","522","105","64","24","7","10","97","46","11","2","1","5"
"Merrifield, Whit","593160","2023","547","592","149","111","27","0","11","101","36","3","2","0","6"
"Chisholm Jr., Jazz","665862","2023","352","383","88","55","12","2","19","118","26","2","0","1","2"
"Renfroe, Hunter","592669","2023","498","548","116","65","31","0","20","125","44","3","0","0","3"
"Marisnick, Jake","545350","2023","76","83","18","11","3","2","2","21","3","2","0","1","1"
"Alonso, Pete","624413","2023","568","658","123","54","21","2","46","151","65","21","6","0","4"
"Pasquantino, Vinnie","686469","2023","231","260","57","31","17","0","9","31","25","2","2","0","1"
"Grossman, Robbie","543257","2023","353","420","84","50","23","1","10","98","57","2","0","0","8"
"Ramírez, Harold","623912","2023","400","434","125","92","19","2","12","79","22","6","0","0","6"
"Zavala, Seby","664874","2023","175","193","30","19","4","0","7","70","12","2","0","2","2"
"McLain, Matt","680574","2023","365","403","106","63","23","4","16","115","31","7","0","0","0"
"Dubón, Mauricio","643289","2023","467","492","130","91","26","3","10","70","19","3","0","0","3"
"Happ, Ian","664023","2023","580","691","144","84","35","4","21","153","99","6","2","0","6"
"Urías, Luis","649966","2023","144","177","28","19","6","0","3","41","21","10","0","0","0"
"Walls, Taylor","670764","2023","303","349","61","39","12","2","8","92","44","1","0","1","0"
"Williams, Alika","675961","2023","101","112","20","15","5","0","0","35","9","1","0","1","0"
"Vázquez, Christian","543877","2023","327","355","73","54","13","0","6","82","25","1","1","1","1"
"Abreu, José","547989","2023","540","594","128","86","23","1","18","130","42","6","1","0","6"
"Devers, Rafael","646240","2023","580","656","157","90","34","0","33","126","62","11","10","0","3"
"Perdomo, Geraldo","672695","2023","407","495","100","70","20","4","6","86","64","6","1","14","4"
"Crawford, J.P.","641487","2023","534","638","142","88","35","0","19","125","94","5","1","3","2"
"Kiner-Falefa, Isiah","643396","2023","326","361","79","60","12","1","6","70","28","3","0","1","3"
"Batten, Matthew","676946","2023","120","139","31","23","6","0","2","30","17","1","0","1","0"
"Meyers, Jake","676694","2023","309","341","70","43","16","1","10","88","26","5","0","0","1"
"Wong, Kolten","543939","2023","224","250","41","31","6","0","4","53","18","5","0","0","3"
"Vargas, Ildemaro","545121","2023","262","286","66","47","13","2","4","20","19","1","0","3","1"
"Refsnyder, Rob","608701","2023","202","243","50","39","9","1","1","47","33","5","0","1","1"
"Ramírez, José","608070","2023","611","691","172","107","36","5","24","73","73","1","22","0","6"
"Bride, Jonah","681146","2023","88","106","15","12","3","0","0","22","11","4","0","1","2"
"Lowe, Brandon","664040","2023","377","436","87","50","15","1","21","119","50","6","0","0","3"
"Wynns, Austin","642851","2023","130","145","27","20","6","0","1","39","9","2","0","3","1"
"Fermin, Freddy","666023","2023","217","235","61","41","10","1","9","50","13","1","0","1","3"
"Turner, Trea","607208","2023","639","691","170","104","35","5","26","150","45","6","2","0","1"
"Noda, Ryan","676116","2023","406","495","93","54","22","1","16","170","77","10","1","0","2"
"Kelly, Carson","608348","2023","136","151","28","21","5","0","2","40","14","0","0","0","1"
"Miller, Owen","680911","2023","291","314","76","54","17","0","5","61","17","2","1","0","4"
"Pérez, Carlos","542208","2023","168","189","38","28","4","0","6","40","13","4","0","1","3"
"Bell, Josh","605137","2023","547","617","135","85","28","0","22","134","63","2","2","0","3"
"Hayes, Ke'Bryan","663647","2023","494","525","134","81","31","7","15","104","28","0","1","0","3"
"Freeman, Freddie","518692","2023","637","730","211","121","59","2","29","121","72","16","12","0","5"
"Haase, Eric","606992","2023","274","293","55","42","8","1","4","81","17","0","1","1","1"
"Calhoun, Willie","641432","2023","134","149","32","20","7","0","5","20","14","0","1","0","1"
"Sosa, Lenyn","672820","2023","164","173","33","21","6","0","6","40","5","0","1","3","1"
"Arroyo, Christian","624414","2023","195","206","47","28","16","0","3","45","7","1","0","1","2"
"Robert Jr., Luis","673357","2023","546","595","144","69","36","1","38","172","30","12","5","0","2"
"Butler, Lawrence","671732","2023","123","129","26","18","4","0","4","35","4","1","0","0","1"
"Lindor, Francisco","596019","2023","602","687","153","87","33","2","31","137","66","12","1","0","7"
"Diaz, Jordan","672478","2023","272","293","60","41","9","0","10","69","17","3","0","0","1"
"Ozuna, Marcell","542303","2023","530","592","145","75","29","1","40","134","57","3","1","0","2"
"Turang, Brice","668930","2023","404","448","88","70","9","3","6","94","38","1","1","3","2"
"Albies, Ozzie","645277","2023","596","660","167","99","30","5","33","107","46","8","2","0","8"
"Kim, Ha-Seong","673490","2023","538","626","140","100","23","0","17","124","75","3","1","5","5"
"Gurriel Jr., Lourdes","666971","2023","551","592","144","83","35","2","24","103","33","6","1","0","2"
"Anderson, Brian","605119","2023","318","361","72","48","12","3","9","108","36","4","0","0","3"
"Colás, Oscar","693049","2023","245","263","53","39","9","0","5","71","12","2","1","2","2"
"Rendon, Anthony","543685","2023","148","183","35","27","6","0","2","27","25","6","0","0","4"
"Vaughn, Andrew","683734","2023","566","615","146","93","30","2","21","129","36","11","0","0","2"
"Arcia, Orlando","606115","2023","488","533","129","87","25","0","17","102","39","3","0","0","3"
"Gallagher, Cam","595956","2023","143","149","18","12","6","0","0","46","4","1","0","0","1"
"Gurriel, Yuli","493329","2023","298","329","73","50","16","3","4","44","26","1","3","0","4"
"Duvall, Adam","594807","2023","320","353","79","32","24","2","21","110","22","6","1","0","5"
"Smith, Josh","669701","2023","195","232","36","21","8","1","6","55","25","9","0","2","1"
"Pratto, Nick","668472","2023","306","345","71","48","16","0","7","138","29","6","0","0","4"
"Walker, Jordan","691023","2023","420","465","116","79","19","2","16","104","37","6","0","0","2"
"Arias, Gabriel","672356","2023","315","345","66","41","15","0","10","113","28","1","0","0","1"
"Correa, Carlos","621043","2023","514","580","118","69","29","2","18","131","59","4","3","0","3"
"Bleday, JJ","668709","2023","256","303","50","29","11","0","10","72","42","2","0","0","3"
"Stubbs, Garrett","596117","2023","113","125","23","17","4","1","1","29","9","2","0","1","0"
"Wisdom, Patrick","621550","2023","268","302","55","23","8","1","23","111","30","2","0","1","1"
"Murphy, Sean","669221","2023","370","438","93","51","21","0","21","98","49","18","0","0","1"
"García, Avisaíl","541645","2023","108","118","20","13","3","1","3","39","6","2","1","0","0"
"Rojas, Johan","679032","2023","149","164","45","32","9","2","2","42","5","4","0","6","0"
"Outman, James","681546","2023","483","567","120","78","16","3","23","181","68","12","1","0","4"
"Gonzalez, Oscar","660757","2023","173","180","37","26","7","2","2","46","5","1","0","0","1"
"Kwan, Steven","680757","2023","638","718","171","123","36","7","5","75","70","3","2","1","6"
"Mullins II, Cedric","656775","2023","404","455","94","53","23","3","15","101","43","1","1","3","4"
"Realmuto, J.T.","592663","2023","489","540","123","70","28","5","20","138","35","9","3","0","5"
"O'Hoppe, Logan","681351","2023","182","199","43","23","6","0","14","48","14","2","0","0","1"
"García, Luis","671277","2023","447","482","119","88","18","4","9","60","27","0","1","1","7"
"Carlson, Dylan","666185","2023","219","255","48","34","8","1","5","49","26","7","0","0","3"
"Seager, Corey","608369","2023","477","536","156","81","42","0","33","88","49","4","9","0","6"
"Mancini III, Trey","641820","2023","235","263","55","39","12","0","4","78","21","2","1","0","3"
"Wisely, Brett","689172","2023","120","131","21","14","5","0","2","40","9","0","0","1","1"
"Dickerson, Corey","572816","2023","144","152","36","26","7","1","2","28","7","0","0","0","1"
"Rivera, Emmanuel","656896","2023","257","283","67","50","13","0","4","56","22","0","0","0","4"
"Meadows, Parker","678009","2023","125","145","29","20","4","2","3","37","17","2","1","0","1"
"Judge, Aaron","592450","2023","367","458","98","45","16","0","37","130","88","0","9","0","3"
"Adams, Riley","656180","2023","143","158","39","20","13","2","4","45","11","2","0","1","1"
"Narváez, Omar","553882","2023","128","146","27","20","5","0","2","27","14","0","0","1","3"
"Story, Trevor","596115","2023","158","168","32","20","9","0","3","55","9","1","0","0","0"
"Siri, Jose","642350","2023","338","364","75","35","13","2","25","130","20","2","0","1","3"
"Jansen, Danny","643376","2023","268","301","61","29","15","0","17","62","23","10","1","0","0"
"Nimmo, Brandon","607043","2023","592","682","162","102","30","6","24","146","74","11","0","1","4"
"Vogelbach, Daniel","596129","2023","275","319","64","43","8","0","13","81","42","2","1","0","0"
"Odor, Rougned","596059","2023","138","157","28","15","9","0","4","37","17","2","0","0","0"
"Rodgers, Brendan","663898","2023","178","192","46","32","9","1","4","41","11","3","0","0","0"
"Sánchez, Gary","596142","2023","240","267","52","24","9","0","19","67","21","4","0","0","2"
"Pham, Tommy","502054","2023","426","481","109","63","27","3","16","106","47","2","1","0","6"
"Senzel, Nick","669222","2023","301","330","71","48","10","0","13","74","26","1","0","0","2"
"Belt, Brandon","474832","2023","339","404","86","44","23","0","19","141","61","2","1","0","2"
"Wendle, Joey","621563","2023","297","318","63","42","16","3","2","67","13","2","0","3","3"
"Duffy, Matt","622110","2023","191","209","48","38","8","0","2","39","12","4","0","0","2"
"Machado, Manny","592518","2023","543","601","140","89","21","0","30","109","50","2","1","0","6"
"Encarnacion-Strand, Christian","687952","2023","222","241","60","40","7","0","13","69","14","5","0","0","0"
"Madrigal, Nick","663611","2023","270","294","71","52","16","1","2","24","10","9","0","5","0"
"Laureano, Ramón","657656","2023","361","404","81","50","18","4","9","114","33","9","0","0","1"
"Volpe, Anthony","683011","2023","541","601","113","65","23","4","21","167","52","5","0","1","2"
"Chapman, Matt","656305","2023","509","581","122","64","39","2","17","165","62","8","1","0","2"
"Tellez, Rowdy","642133","2023","311","351","67","44","9","1","13","86","35","0","2","0","5"
"Verdugo, Alex","657077","2023","546","602","144","89","37","5","13","93","45","6","1","0","5"
"Rocchio, Brayan","677587","2023","81","86","20","14","6","0","0","27","4","0","0","0","1"
"Stephenson, Tyler","663886","2023","465","517","113","78","20","2","13","135","47","4","2","0","1"
"Contreras, William","661388","2023","540","611","156","100","38","1","17","126","63","5","2","1","2"
"Kirilloff, Alex","666135","2023","281","319","76","50","14","1","11","80","28","7","1","0","3"
"Haggerty, Sam","664059","2023","91","108","23","18","3","1","1","17","15","1","0","1","0"
"Duran, Ezequiel","677649","2023","406","439","112","74","22","2","14","120","23","7","1","1","2"
"Polanco, Jorge","593871","2023","302","343","77","45","18","0","14","88","36","2","0","0","3"
"Doyle, Brenton","686668","2023","399","431","81","50","16","5","10","151","22","4","0","3","3"
"Raley, Luke","670042","2023","357","406","89","44","23","3","19","128","28","18","0","1","2"
"Melendez Jr., MJ","669004","2023","533","602","125","75","29","5","16","170","62","3","2","0","4"
"Cabrera, Miguel","408234","2023","334","370","86","62","20","0","4","74","31","2","0","0","3"
"Martini, Nick","605361","2023","72","79","19","9","3","1","6","15","5","2","0","0","0"
"Perez, Salvador","521692","2023","538","580","137","93","21","0","23","135","19","13","6","0","8"
"Rengifo, Luis","650859","2023","394","445","104","69","15","4","16","82","41","6","0","0","4"
"Toglia, Michael","669911","2023","141","152","23","14","5","0","4","50","10","1","0","0","0"
"Cron, C.J.","543068","2023","258","278","64","40","12","0","12","65","17","1","0","0","2"
"Gomes, Yan","543228","2023","382","419","102","70","20","2","10","81","21","9","1","0","7"
"Anderson, Tim","641313","2023","493","524","121","100","18","2","1","122","26","3","0","0","2"
"Mervis, Matt","670223","2023","90","99","15","10","2","0","3","32","8","1","0","0","0"
"Canzone, Dominic","686527","2023","173","182","38","19","13","0","6","32","8","1","0","0","0"
"Conforto, Michael","624424","2023","406","470","97","68","14","0","15","106","53","7","4","0","4"
"Jung, Josh","673962","2023","478","515","127","78","25","1","23","151","30","5","0","0","2"
"Mateo, Jorge","622761","2023","318","350","69","46","14","2","7","82","22","1","0","5","3"
"Perkins, Blake","663368","2023","143","168","31","20","7","0","4","46","23","0","0","2","0"
"Robles, Victor","645302","2023","107","126","32","26","5","1","0","18","11","4","0","4","0"
"Springer III, George","543807","2023","613","683","158","111","25","1","21","125","60","5","1","0","3"
"Gelof, Zack","680869","2023","270","300","72","37","20","1","14","82","26","3","1","0","1"
"Kelenic, Jarred","672284","2023","372","416","94","56","25","2","11","132","41","1","4","0","2"
"Delay, Jason","641511","2023","167","187","42","29","11","1","1","44","14","3","0","2","1"
"Rutschman, Adley","668939","2023","588","687","163","111","31","1","20","101","92","2","6","0","5"
"Bryant, Kris","592178","2023","300","335","70","50","10","0","10","68","29","6","0","0","0"
"O'Hearn, Ryan","656811","2023","346","368","100","63","22","1","14","82","15","3","2","1","3"
"Dozier, Hunter","641531","2023","82","91","15","10","2","1","2","29","8","0","0","0","1"
"Arenado, Nolan","571448","2023","560","612","149","95","26","2","26","101","41","3","5","0","8"
"Chang, Yu","644374","2023","105","112","17","9","2","0","6","34","3","2","0","2","0"
"Larnach, Trevor","663616","2023","183","212","39","21","7","3","8","72","27","0","1","0","2"
"Montero, Elehuris","660707","2023","284","307","69","41","15","2","11","111","15","5","0","0","3"
"Castro, Willi","650489","2023","358","409","92","60","18","5","9","99","34","12","1","2","3"
"Bogaerts, Xander","593428","2023","596","665","170","118","31","2","19","110","56","7","0","0","6"
"Naylor, Bo","666310","2023","198","230","47","23","13","0","11","53","30","1","1","0","1"
"Taveras, Leody","665750","2023","511","554","136","88","31","3","14","117","35","1","0","3","4"
"Gordon, Nick","624503","2023","91","93","16","8","5","1","2","11","1","0","0","1","0"
"Thomas, Alek","677950","2023","374","402","86","55","17","5","9","86","19","4","1","2","3"
"Hosmer, Eric","543333","2023","94","100","22","17","3","0","2","25","6","0","0","0","0"
"Walsh, Jared","665120","2023","104","116","13","5","4","0","4","45","11","1","0","0","0"
"Brown, Seth","664913","2023","343","378","76","42","19","1","14","101","30","2","1","1","2"
"Barnes, Austin","605131","2023","178","200","32","25","5","0","2","43","17","2","0","1","2"
"Barrero, Jose","676480","2023","133","149","29","19","8","0","2","44","15","0","0","0","1"
"Giménez, Andrés","665926","2023","557","616","140","93","27","5","15","112","32","20","3","4","3"
"Bae, Ji Hwan","678225","2023","334","371","77","56","17","2","2","92","30","2","0","3","2"
"Pederson, Joc","592626","2023","358","425","84","52","14","3","15","89","57","7","6","0","3"
"Marcano, Tucupita","672779","2023","202","220","47","30","12","2","3","35","10","3","0","3","2"
"Goldschmidt, Paul","502671","2023","593","687","159","103","31","0","25","161","87","3","6","0","3"
"McGuire, Reese","624512","2023","187","206","50","36","12","1","1","53","11","1","0","2","1"
"Straw, Myles","664702","2023","462","518","110","88","18","3","1","97","42","2","0","6","6"
"Young, Jacob","696285","2023","107","121","27","19","7","1","0","22","10","1","0","3","0"
"Peña, Jeremy","665161","2023","577","634","152","107","32","3","10","129","43","9","1","1","1"
"Sabol, Blake","666165","2023","310","344","73","50","10","0","13","117","24","6","0","2","2"
"Báez, Javier","595879","2023","510","547","113","82","18","4","9","125","24","9","0","0","3"
"Urías, Ramón","602104","2023","360","396","95","66","22","3","4","101","27","8","0","0","1"
"Schwarber, Kyle","656941","2023","585","720","115","48","19","1","47","215","126","6","5","0","3"
"Benson, Will","666181","2023","287","329","79","45","15","8","11","103","40","1","0","0","1"
"Gonzalez, Romy","663853","2023","93","97","18","9","4","2","3","36","2","0","0","1","1"
"Ruiz, Keibert","660688","2023","523","562","136","94","24","0","18","58","31","6","1","0","2"
"Harrison, Josh","543281","2023","103","114","21","16","3","0","2","20","3","6","0","0","2"
"Smith, Pavin","656976","2023","191","228","36","24","5","0","7","45","35","1","0","0","0"
"Massey, Michael","686681","2023","428","461","98","64","18","1","15","99","24","4","0","1","4"
"Waters, Drew","671221","2023","302","337","69","45","11","5","8","107","27","5","0","0","3"
"Harris II, Michael","671739","2023","505","539","148","94","33","3","18","101","25","5","1","1","3"
"Marsh, Brandon","669016","2023","404","472","112","69","25","6","12","144","59","4","2","1","4"
"Castro, Harold","605612","2023","258","270","65","51","13","0","1","66","9","0","0","1","2"
"Mastrobuoni, Miles","670156","2023","133","149","32","26","5","0","1","32","13","0","0","3","0"
"Sheets, Gavin","657757","2023","311","344","63","43","10","0","10","66","28","1","2","0","4"
"Basabe, Osleivis","678545","2023","87","94","19","13","5","0","1","25","6","1","0","0","0"
"Wallner, Matt","670242","2023","213","254","53","27","11","1","14","80","28","13","1","0","0"
"Stallings, Jacob","607732","2023","241","276","46","29","14","0","3","67","27","3","0","3","2"
"Marte, Starling","516782","2023","315","341","78","65","7","1","5","69","16","8","1","2","0"
"Adames, Willy","642715","2023","553","638","120","65","29","2","24","165","71","6","1","0","6"
"Rodríguez, Endy","682848","2023","186","204","41","29","7","2","3","49","17","0","0","0","1"
"Thompson, Trayce","572204","2023","153","179","25","17","2","0","6","77","24","2","0","0","0"
"Stefanic, Michael","683021","2023","62","71","18","15","2","1","0","8","8","1","0","0","0"
"d'Arnaud, Travis","518595","2023","267","292","60","36","13","0","11","67","21","3","0","0","1"
"McCarthy, Jake","664983","2023","276","312","67","53","7","5","2","62","26","5","0","4","1"
"Triolo, Jared","669707","2023","181","209","54","42","9","0","3","63","24","3","0","0","1"
"Palacios, Richie","680700","2023","93","102","24","12","6","0","6","11","6","1","0","1","1"
"Estrada, Thairo","642731","2023","495","530","134","92","26","2","14","120","22","11","1","0","2"
"Grissom, Vaughn","687093","2023","75","80","21","17","3","1","0","15","2","2","0","0","1"
"Ortega, Rafael","542364","2023","114","136","25","21","3","0","1","33","20","1","0","1","0"
"Kirk, Alejandro","672386","2023","372","422","93","69","16","0","8","45","42","6","1","0","2"
"Fairchild, Stuart","656413","2023","219","255","50","27","16","2","5","69","25","6","0","3","2"
"Jankowski, Travis","608671","2023","247","287","65","51","12","1","1","42","35","2","0","1","2"
"Peralta, David","444482","2023","394","422","102","69","25","1","7","72","20","2","1","0","6"
"Kemp, Tony","643393","2023","359","419","75","54","13","3","5","40","44","6","0","7","3"
"Rogers, Jake","668670","2023","331","365","73","41","11","0","21","118","28","3","0","1","2"
"McKinney, Billy","641856","2023","128","147","29","19","3","1","6","39","17","1","1","0","1"
"Díaz, Elias","553869","2023","486","526","130","90","25","1","14","118","34","2","0","0","4"
"Gonzales, Nick","693304","2023","115","128","24","13","8","1","2","36","6","4","0","1","2"
"Allen, Nick","669397","2023","303","329","67","57","4","2","4","52","17","1","0","6","2"
"Jones, Nolan","666134","2023","367","424","109","63","22","4","20","126","53","3","3","0","1"
"Paredes, Isaac","670623","2023","492","571","123","68","24","0","31","104","58","20","0","0","1"
"Harper, Bryce","547180","2023","457","546","134","83","29","1","21","119","80","5","8","0","4"
"Wells, Austin","669224","2023","70","75","16","6","6","0","4","14","3","0","0","0","1"
"Sánchez, Jesús","660821","2023","360","402","91","51","23","3","14","107","38","2","1","1","1"
"Fortes, Nick","663743","2023","294","323","60","44","10","0","6","59","17","7","0","3","2"
"Vierling, Matt","663837","2023","479","530","125","89","21","5","10","112","44","5","1","1","1"
"Marte, Noelvi","682622","2023","114","123","36","26","7","0","3","25","8","1","0","0","0"
"Pollock, AJ","572041","2023","133","144","22","13","4","0","5","32","9","0","0","0","2"
"Stewart, DJ","621466","2023","160","185","39","19","9","0","11","56","15","7","0","1","1"
"Pache, Cristian","665506","2023","84","95","20","10","7","1","2","27","10","0","0","1","0"
"Freeman, Tyler","671289","2023","153","168","37","26","7","0","4","30","10","2","0","2","1"
"Farmer, Kyle","571657","2023","336","369","86","59","14","2","11","86","23","8","0","0","2"
"Cave, Jake","595909","2023","184","203","39","25","8","1","5","55","15","1","0","1","2"
"Bellinger, Cody","641355","2023","499","556","153","97","29","1","26","87","40","5","3","0","12"
"Suárez, Eugenio","553993","2023","598","694","139","88","29","0","22","214","70","15","0","0","11"
"Gallo, Joey","608336","2023","282","332","50","19","9","1","21","142","48","2","1","0","0"
"Franco, Wander","677551","2023","442","491","124","78","23","6","17","69","42","3","3","0","4"
"Caballero, José","676609","2023","231","280","51","37","9","1","4","66","28","17","0","0","4"
"Friedl Jr., TJ","670770","2023","488","556","136","88","22","8","18","90","47","10","1","8","3"
"Gorman, Nolan","669357","2023","406","464","96","52","17","0","27","148","53","3","1","0","2"
"Frelick, Sal","686217","2023","191","223","47","34","9","1","3","37","28","1","0","0","3"
"Casali, Curt","592200","2023","80","96","14","12","2","0","0","23","11","2","0","3","0"
"Longoria, Evan","446334","2023","211","237","47","27","9","0","11","73","23","0","0","0","3"
"Campusano, Luis","669134","2023","163","174","52","38","7","0","7","21","7","3","0","0","1"
"Tovar, Ezequiel","678662","2023","581","615","147","91","37","4","15","166","25","4","0","2","3"
"Tatis Jr., Fernando","665487","2023","575","635","148","89","33","1","25","141","53","3","0","1","3"
"Wiemer Jr., Joey","686894","2023","367","410","75","43","19","0","13","116","36","5","0","0","2"
"Soderstrom, Tyler","691016","2023","125","138","20","16","1","0","3","43","11","1","0","0","1"
"Bethancourt, Christian","542194","2023","315","332","71","44","16","0","11","91","13","0","0","1","3"
"Segura, Jean","516416","2023","301","326","66","56","5","2","3","47","22","2","1","1","0"
"Díaz, Aledmys","649557","2023","315","344","72","47","20","1","4","66","17","7","2","1","4"
"Moore, Dylan","664238","2023","145","165","30","13","9","1","7","56","16","4","0","0","0"
"Cruz Jr., Nelson","443558","2023","143","152","35","24","5","1","5","46","6","2","1","0","1"
"Fry, David","681807","2023","101","113","24","14","6","0","4","30","8","4","0","0","0"
"Andujar, Miguel","609280","2023","84","90","21","10","7","0","4","13","6","0","0","0","0"
"Rosario, Eddie","592696","2023","478","516","122","74","24","3","21","122","34","1","1","1","2"
"Hicks, Aaron","543305","2023","269","312","68","50","9","1","8","69","42","0","1","0","1"
"Garver, Mitch","641598","2023","296","344","80","50","11","0","19","82","44","3","1","0","0"
"Ahmed, Nick","605113","2023","198","210","42","29","10","1","2","52","12","0","0","0","0"
"Moniak, Mickey","666160","2023","311","323","87","50","21","2","14","113","9","3","1","0","0"
"Peraza, Oswald","672724","2023","173","191","33","23","8","0","2","50","13","5","0","0","0"
"Garrett, Stone","656448","2023","234","271","63","37","17","0","9","82","26","3","0","0","5"
"Nevin, Tyler","663527","2023","95","111","19","13","3","1","2","25","12","3","0","0","1"
"Bregman, Alex","608324","2023","622","724","163","106","28","4","25","87","92","8","1","0","2"
"Alberto, Hanser","593643","2023","82","90","18","10","5","0","3","13","4","1","0","2","1"
"Bart, Joey","663698","2023","87","95","18","13","5","0","0","23","3","4","0","0","1"
"Aguilar, Jesús","542583","2023","104","115","23","16","2","0","5","31","8","1","2","0","1"
"García, Adolis","666969","2023","555","632","136","68","29","0","39","175","65","6","0","0","6"
"McCann, James","543510","2023","207","226","46","26","14","0","6","57","9","5","0","3","2"
"India, Jonathan","663697","2023","454","529","111","71","23","0","17","109","52","16","0","0","7"
"Suzuki, Seiya","673548","2023","515","583","147","90","31","6","20","130","59","2","3","0","7"
"Slater, Austin","596103","2023","185","207","50","36","9","0","5","58","20","2","0","0","0"
"Soto, Juan","665742","2023","568","708","156","88","32","1","35","129","132","2","11","1","5"
"Isbel, Kyle","664728","2023","292","313","70","41","22","2","5","59","17","1","0","1","2"
"Acuña Jr., Ronald","660670","2023","643","735","217","137","35","4","41","84","80","9","3","0","3"
"Fletcher, Dominic","666150","2023","93","102","28","20","5","1","2","22","7","0","1","2","0"
"Burger, Jake","669394","2023","492","540","123","60","28","1","34","149","32","12","0","0","4"
"Nola, Austin","543592","2023","130","154","19","15","3","0","1","31","18","2","0","4","0"
"Edman, Tommy","669242","2023","479","528","119","77","25","4","13","84","35","7","1","3","4"
"Suwinski, Jack","669261","2023","447","534","100","51","21","2","26","172","75","6","2","0","6"
"Velazquez, Andrew","623205","2023","81","94","14","9","3","0","2","30","10","0","0","3","0"
"Jeffers, Ryan","680777","2023","286","335","79","48","15","2","14","93","33","10","1","4","2"
"Profar, Jurickson","595777","2023","459","521","111","73","27","2","9","90","50","6","0","0","5"
"Calhoun, Kole","594777","2023","157","174","34","21","7","0","6","37","13","2","0","0","2"
"Meneses, Joey","608841","2023","611","657","168","118","36","1","13","130","38","5","0","0","3"
"Yastrzemski, Mike","573262","2023","330","381","77","38","23","1","15","99","45","3","3","2","1"
"Davis, J.D.","605204","2023","480","546","119","77","23","1","18","152","52","6","0","0","6"
"Reynolds, Bryan","668804","2023","574","640","151","91","31","5","24","138","53","7","2","0","6"
"Steer, Spencer","668715","2023","582","665","158","95","37","3","23","139","68","11","0","0","4"
"Hernández, Enrique","571771","2023","465","508","110","76","23","0","11","97","34","3","1","0","6"
"Fletcher, David","664058","2023","89","97","22","19","1","0","2","9","7","0","1","1","0"
"Ford, Mike","645801","2023","219","251","50","28","6","0","16","81","24","7","0","0","1"
"Pillar, Kevin","607680","2023","197","206","45","26","10","0","9","50","6","0","0","0","3"
"Alu, Jake","666906","2023","159","175","36","31","2","1","2","42","10","3","0","1","2"
"Yelich, Christian","592885","2023","550","632","153","99","34","1","19","140","78","3","7","0","1"
"Frazier, Adam","624428","2023","412","455","99","63","21","2","13","68","32","4","0","4","2"
"Velázquez, Nelson","676369","2023","162","179","38","15","6","0","17","51","14","2","0","0","1"
"DeJong, Paul","657557","2023","372","400","77","50","13","0","14","121","21","5","0","0","2"
"Kiermaier, Kevin","595281","2023","370","408","98","63","21","6","8","86","29","4","0","1","4"
"Witt Jr., Bobby","677951","2023","641","694","177","108","28","11","30","121","40","4","1","1","8"
"Crawford, Brandon","543063","2023","283","320","55","36","11","1","7","81","28","4","1","1","4"
"Kieboom, Carter","666198","2023","87","94","18","12","2","0","4","27","6","1","0","0","0"
"Castellanos, Nick","592206","2023","626","671","170","102","37","2","29","185","36","3","0","0","6"
"Moustakas, Mike","519058","2023","352","386","87","60","15","0","12","95","23","3","1","0","8"
"Duran, Jarren","680776","2023","332","362","98","54","34","2","8","90","24","3","1","0","2"
"Julks, Corey","667452","2023","298","323","73","53","14","0","6","75","22","1","0","0","2"
"Caratini, Victor","605170","2023","201","226","52","41","4","0","7","45","19","3","0","0","3"
"Thomas, Lane","657041","2023","628","682","168","101","36","3","28","176","36","11","0","0","7"
"Trevino, Jose","624431","2023","157","168","33","25","4","0","4","22","8","2","0","1","0"
"Hedges, Austin","595978","2023","185","212","34","28","5","0","1","47","11","2","0","10","3"
"Bader, Harrison","664056","2023","319","344","74","53","12","2","7","59","17","3","0","1","4"
"Zunino, Mike","572287","2023","124","140","22","12","7","0","3","61","15","1","0","0","0"
"France, Ty","664034","2023","587","665","147","103","32","0","12","117","43","34","0","0","1"
"Peguero, Liover","678894","2023","198","213","47","35","4","1","7","67","11","1","0","2","1"
"Burleson, Alec","676475","2023","315","347","77","48","20","1","8","45","23","3","0","1","2"
"Soler, Jorge","624585","2023","504","580","126","66","24","0","36","141","66","6","4","0","4"
"Rizzo, Anthony","519203","2023","373","421","91","65","14","0","12","97","35","12","1","0","1"
"Blanco, Dairon","680118","2023","124","138","32","18","7","4","3","33","10","2","0","2","0"
"Garcia, Maikel","672580","2023","464","515","126","98","20","4","4","115","38","2","0","1","10"
"Singleton, Jon","572138","2023","91","105","15","10","3","0","2","23","13","0","0","0","1"
"Canha, Mark","592192","2023","435","507","114","77","25","1","11","79","49","17","1","0","6"
"Carpenter, Matt","572761","2023","188","237","33","16","12","0","5","67","41","2","0","0","5"
"Guerrero Jr., Vladimir","665489","2023","602","682","159","103","30","0","26","100","67","9","5","0","4"
"Contreras, Willson","575929","2023","428","495","113","66","27","0","20","111","51","13","0","1","2"
"De La Cruz, Bryan","650559","2023","579","626","149","98","32","0","19","142","40","1","0","0","5"
"McKinstry, Zach","656716","2023","464","518","107","73","21","4","9","113","44","5","0","2","3"
"Ward, Taylor","621493","2023","356","409","90","58","18","0","14","80","39","8","0","0","6"
"Schmitt, Casey","669477","2023","253","277","52","32","15","0","5","65","13","5","0","3","3"
"Schanuel, Nolan","694384","2023","109","132","30","26","3","0","1","19","20","3","1","0","0"
"Taylor, Chris","621035","2023","338","384","80","49","15","1","15","125","41","4","2","0","1"
"Votto, Joey","458015","2023","208","242","42","22","6","0","14","62","27","7","0","0","0"
"Lowe, Josh","666139","2023","466","501","136","81","33","2","20","124","31","1","2","0","3"
"Hernández, Teoscar","606192","2023","625","678","161","104","29","2","26","211","38","8","2","0","7"
"McKenna, Ryan","663630","2023","122","139","31","22","7","0","2","40","9","3","0","3","2"
"Schoop, Jonathan","570731","2023","136","151","29","21","8","0","0","37","13","0","0","0","2"
"Davis, Henry","680779","2023","225","255","48","31","10","0","7","69","25","4","2","0","1"
"Biggio, Cavan","624415","2023","289","338","68","47","12","0","9","88","40","7","0","0","2"
"Barnhart, Tucker","571466","2023","109","123","22","18","3","0","1","42","12","1","0","0","1"
"Trout, Mike","545361","2023","308","362","81","48","14","1","18","104","45","7","2","0","2"
"Ruiz, Esteury","665923","2023","449","497","114","84","24","1","5","99","20","16","1","4","1"
"Heyward, Jason","518792","2023","334","377","90","52","23","0","15","64","34","3","1","0","3"
"Andrus, Elvis","462101","2023","374","406","94","67","20","1","6","71","25","4","1","1","2"
"Matos, Luis","682641","2023","228","253","57","41","13","1","2","33","20","3","0","2","0"
"McCutchen, Andrew","457705","2023","390","473","100","69","19","0","12","100","75","4","1","0","4"
"Henderson, Gunnar","683002","2023","560","622","143","77","29","9","28","159","56","3","1","0","3"
"Santana, Carlos","467793","2023","550","619","132","75","33","1","23","104","65","0","0","0","4"
"Riley, Austin","663586","2023","636","715","179","107","32","3","37","172","59","9","4","0","11"
"Knizner, Andrew","668800","2023","224","241","54","33","11","0","10","62","12","3","0","1","1"
"Ohtani, Shohei","660271","2023","497","599","151","73","26","8","44","143","91","3","21","0","3"
"Trejo, Alan","676701","2023","207","227","48","33","11","0","4","51","16","1","0","1","2"
"Villar, David","681584","2023","124","140","18","7","6","0","5","45","11","4","0","0","1"
"Wallach, Chad","595453","2023","157","172","31","18","5","1","7","57","13","0","0","2","0"
"Díaz, Yandy","650490","2023","525","600","173","116","35","0","22","94","65","8","0","0","2"
"Muncy, Max","571970","2023","482","579","102","48","17","1","36","153","85","6","4","0","6"
"Lewis, Royce","668904","2023","217","239","67","45","7","0","15","55","20","2","0","0","0"
"Alvarez, Francisco","682626","2023","382","423","80","43","12","0","25","110","34","6","0","0","1"
"Myers, Wil","571976","2023","127","141","24","18","3","0","3","48","12","0","0","1","1"
"Amaya, Miguel","665804","2023","131","156","28","19","4","0","5","40","12","11","0","1","1"
"Valdez, Enmanuel","665839","2023","139","149","37","23","8","0","6","37","8","1","0","0","0"
"Blackmon, Charlie","453568","2023","359","413","100","63","24","5","8","55","39","11","0","0","4"
"Smith, Kevin","675656","2023","135","146","25","16","4","0","5","51","5","1","0","5","0"
"Flores, Wilmer","527038","2023","405","454","115","70","22","0","23","63","41","5","1","0","3"
"Olivares, Edward","658668","2023","354","385","93","54","23","4","12","64","22","7","1","0","2"
"Taylor, Tyrone","621438","2023","231","243","54","26","17","1","10","55","8","3","0","0","1"
"Choi, Ji Man","596847","2023","104","117","17","6","5","0","6","35","10","1","0","0","2"
"Alvarez, Yordan","670541","2023","410","496","120","64","24","1","31","92","69","13","5","0","4"
"Winn, Masyn","691026","2023","122","137","21","17","2","0","2","26","10","0","0","2","3"
"Chavis, Michael","656308","2023","91","96","22","17","3","0","2","33","5","0","0","0","0"
"Maile, Luke","571912","2023","179","199","42","26","10","0","6","49","14","5","0","1","0"
"Sosa, Edmundo","624641","2023","279","300","70","43","15","2","10","74","8","9","0","2","1"
"Urshela, Gio","570482","2023","214","228","64","53","8","1","2","36","10","1","0","0","3"
"Morel, Christopher","666624","2023","388","429","96","50","17","3","26","133","36","2","0","1","2"
"Donaldson, Josh","518626","2023","165","189","25","7","5","0","13","50","22","0","0","0","2"
"Ibáñez, Andy","628451","2023","356","383","94","58","23","2","11","69","24","1","0","1","1"
"Cooper, Garrett","643265","2023","422","457","106","70","18","1","17","132","31","2","0","0","2"
"Baddoo, Akil","668731","2023","312","357","68","43","13","1","11","89","42","0","2","2","1"
"Tucker, Kyle","663656","2023","574","674","163","92","37","5","29","92","80","3","9","0","10"
"Mountcastle, Ryan","663624","2023","423","470","114","74","21","1","18","107","37","3","1","0","7"
"Jones, Jahmai","663330","2023","10","11","2","1","1","0","0","5","1","0","0","0","0"
"Tucker, Cole","657061","2023","8","10","4","4","0","0","0","2","1","1","0","0","0"
"Adrianza, Ehire","501303","2023","10","11","0","0","0","0","0","4","1","0","0","0","0"
"White, Eli","642201","2023","14","17","1","1","0","0","0","7","2","1","0","0","0"
"Lopez, Irving","676761","2023","11","12","0","0","0","0","0","5","0","0","0","0","1"
"Soto, Livan","670869","2023","9","12","2","2","0","0","0","2","3","0","0","0","0"
"Almonte, Abraham","501659","2023","15","16","1","0","1","0","0","8","1","0","0","0","0"
"Stevenson, Cal","670276","2023","9","12","0","0","0","0","0","2","3","0","0","0","0"
"Kohlwey, Taylor","670128","2023","13","13","2","2","0","0","0","5","0","0","0","0","0"
"Pina, Manny","444489","2023","12","12","3","2","0","0","1","3","0","0","0","0","0"
"Pérez, Roberto","547379","2023","15","17","2","2","0","0","0","6","2","0","0","0","0"
"Bemboom, Anthony","621532","2023","11","13","2","2","0","0","0","2","2","0","0","0","0"
"Tromp, Chadwick","644433","2023","16","16","2","1","1","0","0","7","0","0","0","0","0"
"Wall, Forrest","657088","2023","13","15","6","3","2","0","1","4","2","0","0","0","0"
"Canario, Alexander","672744","2023","17","17","5","2","1","1","1","8","0","0","0","0","0"
"Crow-Armstrong, Pete","691718","2023","14","19","0","0","0","0","0","7","3","0","0","2","0"
"Kreidler, Ryan","668952","2023","18","18","2","2","0","0","0","7","0","0","0","0","0"
"Wilson, Weston","642215","2023","16","22","5","4","0","0","1","5","6","0","0","0","0"
"O'Keefe, Brian","657247","2023","19","21","2","0","2","0","0","7","2","0","0","0","0"
"Salazar, César","663967","2023","18","19","2","2","0","0","0","6","1","0","0","0","0"
"Rios, Edwin","621458","2023","28","34","2","0","1","0","1","16","5","1","0","0","0"
"Williams, Luke","663897","2023","19","19","1","1","0","0","0","7","0","0","0","0","0"
"Owings, Chris","572008","2023","25","25","4","4","0","0","0","12","0","0","0","0","0"
"Serven, Brian","661531","2023","23","23","3","2","1","0","0","10","0","0","0","0","0"
"Toro, Abraham","647351","2023","18","21","8","6","0","0","2","5","2","1","0","0","0"
"Gamel, Ben","592325","2023","15","15","3","2","1","0","0","2","0","0","0","0","0"
"Camargo, Johan","622666","2023","18","20","4","4","0","0","0","4","1","1","0","0","0"
"Capra, Vinny","681962","2023","18","21","3","2","1","0","0","5","2","0","0","1","0"
"Hummel, Cooper","669450","2023","23","26","2","1","1","0","0","9","2","1","0","0","0"
"Allen, Greg","656185","2023","23","28","5","2","1","1","1","10","2","2","0","1","0"
"Querecuto, Juniel","578570","2023","20","21","2","1","1","0","0","6","1","0","0","0","0"
"Lester, Josh","623507","2023","22","23","4","4","0","0","0","7","1","0","0","0","0"
"Diaz, Isan","656371","2023","24","26","1","1","0","0","0","9","2","0","0","0","0"
"Burdick, Peyton","680814","2023","33","37","6","3","2","0","1","18","3","1","0","0","0"
"Ellis, Drew","656403","2023","23","29","5","3","0","0","2","7","6","0","0","0","0"
"La Stella, Tommy","600303","2023","21","24","4","3","1","0","0","5","3","0","0","0","0"
"Hernández, Yonny","660634","2023","22","27","3","2","1","0","0","8","2","1","0","1","1"
"Smith-Njigba, Canaan","675986","2023","32","37","4","2","1","1","0","16","4","0","0","0","1"
"Garlick, Kyle","664247","2023","28","30","5","2","1","0","2","11","2","0","0","0","0"
"Guthrie, Dalton","656495","2023","24","28","4","3","1","0","0","7","3","1","0","0","0"
"Stowers, Kyle","669065","2023","30","33","2","2","0","0","0","12","3","0","0","0","0"
"Lukes, Nathan","664770","2023","26","31","5","3","1","1","0","9","4","0","0","0","1"
"Kennedy, Buddy","671083","2023","24","29","4","3","1","0","0","6","4","1","0","0","0"
"Meadows, Austin","640457","2023","21","21","5","4","1","0","0","3","0","0","0","0","0"
"Tena, José","677588","2023","31","34","7","5","2","0","0","13","3","0","0","0","0"
"Torrens, Luis","620443","2023","28","30","7","4","3","0","0","9","1","1","0","0","0"
"Madris, Bligh","676632","2023","26","30","4","3","1","0","0","7","4","0","0","0","0"
"Kjerstad, Heston","677008","2023","30","33","7","4","1","0","2","10","2","0","0","0","0"
"Lawlar, Jordan","691783","2023","31","34","4","4","0","0","0","11","2","1","0","0","0"
"Porter, Logan","682515","2023","31","38","6","4","1","0","1","11","5","1","0","1","0"
"Dalbec, Bobby","666915","2023","49","53","10","7","2","0","1","28","4","0","0","0","0"
"Fitzgerald, Tyler","666149","2023","32","34","7","3","2","0","2","10","2","0","0","0","0"
"Luciano, Marco","682617","2023","39","45","9","6","3","0","0","17","6","0","0","0","0"
"León, Sandy","506702","2023","41","44","6","4","2","0","0","20","1","1","0","1","0"
"Domínguez, Jasson","691176","2023","31","33","8","3","1","0","4","8","2","0","0","0","0"
"Hamilton, David","666152","2023","33","39","4","2","2","0","0","10","6","0","0","0","0"
"Rosario, Eguy","666703","2023","36","37","9","5","1","1","2","12","1","0","0","0","0"
"Trammell, Taylor","666211","2023","46","56","6","3","0","0","3","22","9","1","0","0","0"
"Adams, Jordyn","677941","2023","39","40","5","5","0","0","0","16","0","0","0","0","1"
"Millas, Drew","686452","2023","28","33","8","5","2","0","1","5","4","0","0","1","0"
"Paris, Kyren","677347","2023","40","46","4","4","0","0","0","17","4","1","0","1","0"
"Hopkins, TJ","686759","2023","41","44","7","7","0","0","0","17","2","1","0","0","0"
"Rutherford, Blake","666164","2023","35","36","6","6","0","0","0","10","1","0","0","0","0"
"Blankenhorn, Travis","663905","2023","31","37","5","4","0","0","1","6","6","0","0","0","0"
"Cruz, Oneil","665833","2023","32","40","8","6","1","0","1","8","7","0","0","0","1"
"Ortiz, Joey","687401","2023","33","34","7","6","1","0","0","9","0","0","0","0","1"
"Thomas, Cody","642137","2023","42","46","10","6","3","0","1","17","4","0","0","0","0"
"Bouchard, Sean","656248","2023","38","43","12","6","2","0","4","14","4","0","0","0","1"
"Caminero, Junior","691406","2023","34","36","8","6","1","0","1","8","2","0","0","0","0"
"Herrera, Iván","671056","2023","37","44","11","9","2","0","0","11","5","2","0","0","0"
"Martínez, J.P.","679881","2023","40","44","9","7","1","0","1","16","2","0","0","0","2"
"Montes, Coco","663796","2023","38","41","7","4","2","0","1","12","2","1","0","0","0"
"Huff, Sam","669087","2023","43","45","11","6","2","0","3","17","2","0","0","0","0"
"Lipcius, Andre","686531","2023","35","38","10","8","1","0","1","8","3","0","0","0","0"
"Phillips, Brett","621433","2023","63","71","11","7","1","0","3","36","8","0","0","0","0"
"Mercado, Óscar","640458","2023","31","32","9","6","3","0","0","4","1","0","0","0","0"
"Horwitz, Spencer","687462","2023","39","44","10","7","2","0","1","12","4","1","0","0","0"
"Kessinger, Grae","666197","2023","40","45","8","5","2","0","1","12","5","0","0","0","0"
"Cabbage, Trey","663550","2023","53","56","11","7","3","0","1","26","2","0","0","0","1"
"Haseley, Adam","656514","2023","36","39","8","6","2","0","0","8","3","0","0","0","0"
"Stevenson, Andrew","664057","2023","37","40","7","6","1","0","0","8","2","1","0","0","0"
"Johnson, Bryce","669369","2023","43","48","7","5","1","0","1","15","4","0","0","0","1"
"Young, Jared","676724","2023","43","47","8","3","0","3","2","13","3","1","0","0","0"
"Lewis, Kyle","641786","2023","51","54","8","5","2","0","1","21","3","0","0","0","0"
"Heineman, Tyler","623168","2023","38","47","9","7","1","1","0","8","8","1","0","0","0"
"Meckler, Wade","685133","2023","56","64","13","12","1","0","0","25","6","2","0","0","0"
"Eaton, Nate","681987","2023","53","56","4","4","0","0","0","21","2","1","0","0","0"
"Adell, Jo","666176","2023","58","62","12","5","3","1","3","25","4","0","0","0","0"
"Ruf, Darin","573131","2023","49","57","11","8","3","0","0","16","8","0","0","0","0"
"Alfaro, Jorge","595751","2023","48","52","7","2","4","0","1","15","2","2","0","0","0"
"DeLuca, Jonny","676356","2023","42","45","11","8","1","0","2","8","3","0","0","0","0"
"Lamb, Jake","571875","2023","51","54","11","8","1","0","2","15","3","0","0","0","0"
"Locastro, Tim","641796","2023","56","67","13","8","3","0","2","22","3","6","0","2","0"
"Hill, Derek","656537","2023","47","50","8","7","1","0","0","11","3","0","0","0","0"
"Hall, Darick","669742","2023","54","56","9","7","1","0","1","18","2","0","0","0","0"
"Ramos, Heliot","671218","2023","56","60","10","5","4","0","1","20","4","0","0","0","0"
"Vosler, Jason","613564","2023","62","65","10","4","2","1","3","25","3","0","0","0","0"
"Reyes, Franmil","614177","2023","59","65","11","9","0","0","2","24","4","0","0","0","2"
"Wade, Tyler","642180","2023","51","55","13","11","1","1","0","13","4","0","0","0","0"
"Pérez, Carlos","656024","2023","49","53","10","5","4","0","1","11","4","0","0","0","0"
"Thompson, Bubba","669352","2023","53","60","9","4","4","1","0","16","4","1","0","1","1"
"Vavra, Terrin","679631","2023","49","56","12","12","0","0","0","12","5","0","0","2","0"
"Carter, Evan","694497","2023","62","75","19","9","4","1","5","24","12","0","1","0","1"
"Hilliard, Sam","656541","2023","72","78","17","9","5","0","3","33","6","0","0","0","0"
"Cowser, Colton","681297","2023","61","77","7","5","2","0","0","22","13","2","0","0","1"
"Yepez, Juan","660766","2023","60","65","11","8","1","0","2","20","4","1","0","0","0"
"Mitchell, Garrett","669003","2023","65","73","16","10","2","1","3","26","7","0","0","0","1"
"Taylor, Samad","669392","2023","60","69","12","9","2","1","0","22","7","0","0","1","1"
"Voit III, Luke","572228","2023","68","74","15","12","3","0","0","27","4","2","0","0","0"
"Nido, Tomás","621512","2023","56","61","7","7","0","0","0","18","2","0","0","2","1"
"Florial, Estevan","664314","2023","61","71","14","10","3","1","0","20","7","2","0","0","1"
"Araúz, Jonathan","660620","2023","59","66","8","5","0","0","3","18","5","0","0","2","0"
"Frazier, Clint","640449","2023","66","76","13","11","1","1","0","23","10","0","0","0","0"
"Cordero, Franchy","614173","2023","69","71","13","5","2","0","6","25","2","0","0","0","0"
"Lee, Korey","686676","2023","65","70","5","3","1","0","1","20","5","0","0","0","0"
"Fermín, José","665877","2023","51","61","12","11","1","0","0","8","6","2","0","2","0"
"Motter, Taylor","600301","2023","76","82","13","10","3","0","0","31","5","1","0","0","0"
"Miller, Brad","543543","2023","56","67","12","7","4","0","1","11","10","0","0","0","1"
"Busch, Michael","683737","2023","72","81","12","7","3","0","2","27","8","0","0","0","1"
"Clement, Ernie","676391","2023","50","52","19","16","1","1","1","4","1","0","0","0","1"
"Mathias, Mark","664029","2023","62","72","14","12","2","0","0","15","10","0","0","0","0"
"Beaty, Matt","607461","2023","61","72","14","10","4","0","0","14","6","5","0","0","0"
"Goodman, Hunter","696100","2023","70","77","14","6","4","3","1","24","5","0","0","0","2"
"Capel, Conner","668843","2023","73","86","19","14","5","0","0","25","12","1","0","0","0"
"Rortvedt, Ben","666163","2023","68","79","8","5","1","0","2","19","11","0","0","0","0"
"Hensley, David","682073","2023","84","94","10","8","1","0","1","35","10","0","0","0","0"
"Myers, Dane","667472","2023","67","70","18","14","3","0","1","19","2","0","0","0","1"
"Dixon, Brandon","641525","2023","79","86","16","10","4","0","2","31","1","4","0","0","2"
"Mendick, Danny","664901","2023","65","69","12","8","3","0","1","15","4","0","0","0","0"
"Luplow, Jordan","656669","2023","77","90","16","11","3","0","2","27","12","1","1","0","0"
"Loftin, Nick","679845","2023","62","68","20","14","5","1","0","12","4","1","0","0","1"
"Ramos, Henry","592656","2023","74","86","18","14","3","1","0","21","11","1","0","0","0"
"Brosseau, Mike","670712","2023","73","78","15","9","2","0","4","20","4","1","0","0","0"
"Abreu, Wilyer","677800","2023","76","85","24","16","6","0","2","23","9","0","0","0","0"
"Brantley Jr., Michael","488726","2023","54","57","15","11","2","0","2","2","2","0","0","0","1"
"Pereira, Everson","677592","2023","93","103","14","10","4","0","0","40","8","2","0","0","0"